{"rmse": 8839.30781230362, "mae": 6837.231949686799, "r2": 0.48040320926623714}